{
    "gameInfo": {
        "totalDayCounter": 1,
        "playTime": 19.49021339416504,
        "inGameTime": 174.80995178222657,
        "timeType": 3,
        "likeabilityTimer": 24.212278366088868,
        "likeabilityFlag": false,
        "lastConnectTime": "2024-12-14 오후 4:56:24",
        "dew": 3000000.0,
        "cycleFlag": true
    },
    "flowerInfo": {
        "level": 2,
        "exp": 24.65558624267578,
        "totalGetDew": 0,
        "isStepUp": false,
        "dewCounter": 41.34614181518555
    },
    "presentInfo": {
        "presentFlag": false,
        "presentTimer": 17.11387062072754
    },
    "pureInfo": {
        "level": 2,
        "likeability": 0,
        "autoText": true,
        "interactionText": false
    },
    "fieldWorkInfo": {
        "level": [
            34,
            1,
            0,
            0,
            0
        ],
        "coolTimeList": [
            -24.215280532836915,
            -24.215280532836915,
            -24.215280532836915,
            -24.215280532836915,
            -24.215280532836915
        ]
    },
    "diaryInfo": {
        "level": 0
    },
    "autoGrowInfo": {
        "level": 49
    }
}