{
    "gameInfo": {
        "totalDayCounter": 1,
        "playTime": 89.26241302490235,
        "inGameTime": 3001.765625,
        "timeType": 3,
        "likeabilityTimer": 661.1785888671875,
        "likeabilityFlag": false,
        "lastConnectTime": "2024-12-11 오후 8:14:45",
        "dew": 900.0,
        "cycleFlag": false
    },
    "flowerInfo": {
        "level": 3,
        "exp": 0,
        "totalGetDew": 27,
        "isStepUp": false,
        "dewCounter": 748.4434814453125
    },
    "presentInfo": {
        "presentFlag": false,
        "presentTimer": 87.24481964111328
    },
    "pureInfo": {
        "level": 4,
        "likeability": 2,
        "autoText": true,
        "interactionText": false
    },
    "fieldWorkInfo": {
        "level": [
            34,
            47,
            21,
            18,
            6
        ],
        "coolTimeList": [
            47.80878448486328,
            -661.1871948242188,
            -661.1871948242188,
            3351.369873046875,
            17784.69140625
        ]
    },
    "diaryInfo": {
        "level": 0
    }
}