{
    "gameInfo": {
        "totalDayCounter": 1,
        "playTime": 114.14844512939453,
        "inGameTime": 4325.0634765625,
        "timeType": 3,
        "likeabilityTimer": 967.11865234375,
        "likeabilityFlag": false,
        "lastConnectTime": "2024-12-11 오후 8:20:14",
        "dew": 900.0,
        "cycleFlag": false
    },
    "flowerInfo": {
        "level": 3,
        "exp": 0,
        "totalGetDew": 27,
        "isStepUp": false,
        "dewCounter": 1077.982177734375
    },
    "presentInfo": {
        "presentFlag": false,
        "presentTimer": 110.84501647949219
    },
    "pureInfo": {
        "level": 4,
        "likeability": 2,
        "autoText": true,
        "interactionText": false
    },
    "fieldWorkInfo": {
        "level": [
            34,
            47,
            21,
            18,
            6
        ],
        "coolTimeList": [
            -258.13629150390627,
            -967.1337280273438,
            -967.1337280273438,
            3021.82421875,
            17455.03125
        ]
    },
    "diaryInfo": {
        "level": 0
    }
}